{"stats":{"minecraft:dropped":{"minecraft:grass_block":1},"minecraft:custom":{"minecraft:mob_kills":15,"minecraft:interact_with_anvil":1,"minecraft:open_barrel":7,"minecraft:leave_game":7,"minecraft:time_since_death":133,"minecraft:climb_one_cm":1537,"minecraft:time_since_rest":156,"minecraft:sprint_one_cm":10337,"minecraft:walk_one_cm":47858,"minecraft:drop":1,"minecraft:damage_dealt":3236,"minecraft:fly_one_cm":1055275,"minecraft:open_chest":15,"minecraft:crouch_one_cm":11383,"minecraft:play_time":272219,"minecraft:deaths":2,"minecraft:sneak_time":7705,"minecraft:jump":210,"minecraft:walk_on_water_one_cm":48,"minecraft:total_world_time":280063},"minecraft:used":{"minecraft:moss_block":130,"minecraft:chiseled_polished_blackstone":9,"minecraft:moss_carpet":12,"minecraft:nether_brick_fence":29,"minecraft:water_bucket":4,"minecraft:iron_ore":5,"minecraft:red_sand":7,"minecraft:flint_and_steel":6,"minecraft:acacia_log":2,"minecraft:iron_shovel":1,"minecraft:dead_bush":10,"minecraft:snow_block":41,"minecraft:acacia_trapdoor":1,"minecraft:bone_block":14,"minecraft:ladder":8,"minecraft:cactus":3,"minecraft:blackstone":431,"minecraft:chest":10,"minecraft:fox_spawn_egg":1,"minecraft:white_terracotta":43,"minecraft:sandstone":10,"minecraft:wither_skeleton_spawn_egg":10,"minecraft:netherrack":610,"minecraft:polished_blackstone_bricks":64,"minecraft:debug_stick":2,"minecraft:bee_spawn_egg":3,"minecraft:white_wool":11,"minecraft:dirt":400,"minecraft:warped_wart_block":53,"minecraft:soul_sand":45,"minecraft:sand":18,"minecraft:anvil":1,"minecraft:terracotta":189,"minecraft:yellow_terracotta":20,"minecraft:strider_spawn_egg":1,"minecraft:nether_bricks":217,"minecraft:birch_sign":10,"minecraft:nether_brick_slab":14,"minecraft:blue_ice":19,"minecraft:campfire":3,"minecraft:bee_nest":1,"minecraft:acacia_sapling":2,"minecraft:polar_bear_spawn_egg":1,"minecraft:dripstone_block":138,"minecraft:spruce_fence":22,"minecraft:warped_planks":8,"minecraft:nether_brick_stairs":21,"minecraft:obsidian":13,"minecraft:big_dripleaf":10,"minecraft:small_dripleaf":3,"minecraft:jungle_sapling":6,"minecraft:netherite_block":6,"minecraft:hoglin_spawn_egg":2,"minecraft:packed_ice":22,"minecraft:acacia_stairs":1,"minecraft:flowering_azalea":1,"minecraft:lava_bucket":37,"minecraft:warped_trapdoor":3,"minecraft:acacia_sign":4,"minecraft:birch_slab":3,"minecraft:cracked_polished_blackstone_bricks":57,"minecraft:iron_block":37,"minecraft:grass_block":519,"minecraft:panda_spawn_egg":1,"minecraft:rooted_dirt":11,"minecraft:copper_ore":6,"minecraft:birch_sapling":1,"minecraft:warped_fence":12,"minecraft:netherite_axe":20,"minecraft:spawner":3,"minecraft:polished_blackstone_brick_wall":22,"minecraft:warped_nylium":98,"minecraft:red_terracotta":41,"minecraft:piglin_brute_spawn_egg":5,"minecraft:spruce_sapling":1,"minecraft:barrel":2,"minecraft:flowering_azalea_leaves":22,"minecraft:crimson_nylium":68,"minecraft:magma_cube_spawn_egg":5,"minecraft:bamboo":1,"minecraft:basalt":128,"minecraft:birch_trapdoor":4,"minecraft:glowstone":91,"minecraft:crimson_fungus":2,"minecraft:warped_stairs":19,"minecraft:snow":26,"minecraft:azalea_leaves":19,"minecraft:warped_fungus":2,"minecraft:sweet_berries":4,"minecraft:soul_soil":241,"minecraft:oak_sapling":2,"minecraft:oxidized_cut_copper_stairs":6,"minecraft:podzol":30,"minecraft:piglin_spawn_egg":9,"minecraft:andesite":19,"minecraft:acacia_fence":5,"minecraft:chain":17,"minecraft:gold_block":22,"minecraft:ice":15,"minecraft:coarse_dirt":9,"minecraft:powder_snow_bucket":9,"minecraft:bone_meal":55,"minecraft:cobweb":8,"minecraft:pointed_dripstone":32},"minecraft:picked_up":{"minecraft:golden_sword":2,"minecraft:apple":1,"minecraft:gold_nugget":4,"minecraft:golden_helmet":1,"minecraft:stick":12,"minecraft:sweet_berries":2,"minecraft:grass_block":1,"minecraft:weeping_vines":1,"minecraft:rotten_flesh":3,"minecraft:birch_sign":2,"minecraft:oak_sapling":5},"minecraft:killed":{"minecraft:piglin":2,"minecraft:zombified_piglin":13}},"DataVersion":2865}